{
  "version": "v1",
  "ownerDomain": "google.com",
  "baseUrl": "https://tasks.googleapis.com/",
  "discoveryVersion": "v1",
  "canonicalName": "Tasks",
  "kind": "discovery#restDescription",
  "batchPath": "batch",
  "revision": "20220322",
  "auth": {
    "oauth2": {
      "scopes": {
        "https://www.googleapis.com/auth/tasks": {
          "description": "Create, edit, organize, and delete all your tasks"
        },
        "https://www.googleapis.com/auth/tasks.readonly": {
          "description": "View your tasks"
        }
      }
    }
  },
  "ownerName": "Google",
  "basePath": "",
  "protocol": "rest",
  "id": "tasks:v1",
  "resources": {
    "tasks": {
      "methods": {
        "clear": {
          "description": "Clears all completed tasks from the specified task list. The affected tasks will be marked as 'hidden' and no longer be returned by default when retrieving all tasks for a task list.",
          "parameterOrder": [
            "tasklist"
          ],
          "path": "tasks/v1/lists/{tasklist}/clear",
          "scopes": [
            "https://www.googleapis.com/auth/tasks"
          ],
          "httpMethod": "POST",
          "parameters": {
            "tasklist": {
              "location": "path",
              "required": true,
              "description": "Task list identifier.",
              "type": "string"
            }
          },
          "flatPath": "tasks/v1/lists/{tasklist}/clear",
          "id": "tasks.tasks.clear"
        },
        "move": {
          "flatPath": "tasks/v1/lists/{tasklist}/tasks/{task}/move",
          "httpMethod": "POST",
          "parameterOrder": [
            "tasklist",
            "task"
          ],
          "id": "tasks.tasks.move",
          "description": "Moves the specified task to another position in the task list. This can include putting it as a child task under a new parent and/or move it to a different position among its sibling tasks.",
          "path": "tasks/v1/lists/{tasklist}/tasks/{task}/move",
          "scopes": [
            "https://www.googleapis.com/auth/tasks"
          ],
          "response": {
            "$ref": "Task"
          },
          "parameters": {
            "task": {
              "type": "string",
              "required": true,
              "description": "Task identifier.",
              "location": "path"
            },
            "previous": {
              "description": "New previous sibling task identifier. If the task is moved to the first position among its siblings, this parameter is omitted. Optional.",
              "location": "query",
              "type": "string"
            },
            "parent": {
              "type": "string",
              "description": "New parent task identifier. If the task is moved to the top level, this parameter is omitted. Optional.",
              "location": "query"
            },
            "tasklist": {
              "required": true,
              "location": "path",
              "description": "Task list identifier.",
              "type": "string"
            }
          }
        },
        "list": {
          "path": "tasks/v1/lists/{tasklist}/tasks",
          "scopes": [
            "https://www.googleapis.com/auth/tasks",
            "https://www.googleapis.com/auth/tasks.readonly"
          ],
          "response": {
            "$ref": "Tasks"
          },
          "id": "tasks.tasks.list",
          "parameterOrder": [
            "tasklist"
          ],
          "flatPath": "tasks/v1/lists/{tasklist}/tasks",
          "httpMethod": "GET",
          "parameters": {
            "showCompleted": {
              "type": "boolean",
              "location": "query",
              "description": "Flag indicating whether completed tasks are returned in the result. Optional. The default is True. Note that showHidden must also be True to show tasks completed in first party clients, such as the web UI and Google's mobile apps."
            },
            "completedMax": {
              "type": "string",
              "description": "Upper bound for a task's completion date (as a RFC 3339 timestamp) to filter by. Optional. The default is not to filter by completion date.",
              "location": "query"
            },
            "completedMin": {
              "description": "Lower bound for a task's completion date (as a RFC 3339 timestamp) to filter by. Optional. The default is not to filter by completion date.",
              "location": "query",
              "type": "string"
            },
            "maxResults": {
              "description": "Maximum number of task lists returned on one page. Optional. The default is 20 (max allowed: 100).",
              "type": "integer",
              "format": "int32",
              "location": "query"
            },
            "showHidden": {
              "location": "query",
              "type": "boolean",
              "description": "Flag indicating whether hidden tasks are returned in the result. Optional. The default is False."
            },
            "dueMax": {
              "location": "query",
              "type": "string",
              "description": "Upper bound for a task's due date (as a RFC 3339 timestamp) to filter by. Optional. The default is not to filter by due date."
            },
            "updatedMin": {
              "description": "Lower bound for a task's last modification time (as a RFC 3339 timestamp) to filter by. Optional. The default is not to filter by last modification time.",
              "location": "query",
              "type": "string"
            },
            "dueMin": {
              "location": "query",
              "type": "string",
              "description": "Lower bound for a task's due date (as a RFC 3339 timestamp) to filter by. Optional. The default is not to filter by due date."
            },
            "tasklist": {
              "description": "Task list identifier.",
              "location": "path",
              "type": "string",
              "required": true
            },
            "showDeleted": {
              "type": "boolean",
              "location": "query",
              "description": "Flag indicating whether deleted tasks are returned in the result. Optional. The default is False."
            },
            "pageToken": {
              "location": "query",
              "description": "Token specifying the result page to return. Optional.",
              "type": "string"
            }
          },
          "description": "Returns all tasks in the specified task list."
        },
        "get": {
          "response": {
            "$ref": "Task"
          },
          "parameters": {
            "task": {
              "description": "Task identifier.",
              "type": "string",
              "location": "path",
              "required": true
            },
            "tasklist": {
              "description": "Task list identifier.",
              "location": "path",
              "type": "string",
              "required": true
            }
          },
          "description": "Returns the specified task.",
          "scopes": [
            "https://www.googleapis.com/auth/tasks",
            "https://www.googleapis.com/auth/tasks.readonly"
          ],
          "parameterOrder": [
            "tasklist",
            "task"
          ],
          "id": "tasks.tasks.get",
          "path": "tasks/v1/lists/{tasklist}/tasks/{task}",
          "flatPath": "tasks/v1/lists/{tasklist}/tasks/{task}",
          "httpMethod": "GET"
        },
        "insert": {
          "request": {
            "$ref": "Task"
          },
          "parameters": {
            "previous": {
              "location": "query",
              "type": "string",
              "description": "Previous sibling task identifier. If the task is created at the first position among its siblings, this parameter is omitted. Optional."
            },
            "parent": {
              "type": "string",
              "location": "query",
              "description": "Parent task identifier. If the task is created at the top level, this parameter is omitted. Optional."
            },
            "tasklist": {
              "location": "path",
              "type": "string",
              "description": "Task list identifier.",
              "required": true
            }
          },
          "flatPath": "tasks/v1/lists/{tasklist}/tasks",
          "parameterOrder": [
            "tasklist"
          ],
          "response": {
            "$ref": "Task"
          },
          "scopes": [
            "https://www.googleapis.com/auth/tasks"
          ],
          "httpMethod": "POST",
          "id": "tasks.tasks.insert",
          "path": "tasks/v1/lists/{tasklist}/tasks",
          "description": "Creates a new task on the specified task list."
        },
        "delete": {
          "flatPath": "tasks/v1/lists/{tasklist}/tasks/{task}",
          "httpMethod": "DELETE",
          "scopes": [
            "https://www.googleapis.com/auth/tasks"
          ],
          "description": "Deletes the specified task from the task list.",
          "parameterOrder": [
            "tasklist",
            "task"
          ],
          "parameters": {
            "task": {
              "location": "path",
              "required": true,
              "type": "string",
              "description": "Task identifier."
            },
            "tasklist": {
              "location": "path",
              "type": "string",
              "description": "Task list identifier.",
              "required": true
            }
          },
          "id": "tasks.tasks.delete",
          "path": "tasks/v1/lists/{tasklist}/tasks/{task}"
        },
        "patch": {
          "id": "tasks.tasks.patch",
          "flatPath": "tasks/v1/lists/{tasklist}/tasks/{task}",
          "path": "tasks/v1/lists/{tasklist}/tasks/{task}",
          "parameterOrder": [
            "tasklist",
            "task"
          ],
          "request": {
            "$ref": "Task"
          },
          "httpMethod": "PATCH",
          "parameters": {
            "task": {
              "type": "string",
              "required": true,
              "description": "Task identifier.",
              "location": "path"
            },
            "tasklist": {
              "description": "Task list identifier.",
              "type": "string",
              "location": "path",
              "required": true
            }
          },
          "description": "Updates the specified task. This method supports patch semantics.",
          "response": {
            "$ref": "Task"
          },
          "scopes": [
            "https://www.googleapis.com/auth/tasks"
          ]
        },
        "update": {
          "description": "Updates the specified task.",
          "id": "tasks.tasks.update",
          "scopes": [
            "https://www.googleapis.com/auth/tasks"
          ],
          "httpMethod": "PUT",
          "path": "tasks/v1/lists/{tasklist}/tasks/{task}",
          "request": {
            "$ref": "Task"
          },
          "response": {
            "$ref": "Task"
          },
          "parameterOrder": [
            "tasklist",
            "task"
          ],
          "parameters": {
            "tasklist": {
              "description": "Task list identifier.",
              "location": "path",
              "required": true,
              "type": "string"
            },
            "task": {
              "type": "string",
              "location": "path",
              "required": true,
              "description": "Task identifier."
            }
          },
          "flatPath": "tasks/v1/lists/{tasklist}/tasks/{task}"
        }
      }
    },
    "tasklists": {
      "methods": {
        "patch": {
          "description": "Updates the authenticated user's specified task list. This method supports patch semantics.",
          "path": "tasks/v1/users/@me/lists/{tasklist}",
          "response": {
            "$ref": "TaskList"
          },
          "parameterOrder": [
            "tasklist"
          ],
          "scopes": [
            "https://www.googleapis.com/auth/tasks"
          ],
          "parameters": {
            "tasklist": {
              "location": "path",
              "required": true,
              "type": "string",
              "description": "Task list identifier."
            }
          },
          "request": {
            "$ref": "TaskList"
          },
          "id": "tasks.tasklists.patch",
          "httpMethod": "PATCH",
          "flatPath": "tasks/v1/users/@me/lists/{tasklist}"
        },
        "update": {
          "flatPath": "tasks/v1/users/@me/lists/{tasklist}",
          "scopes": [
            "https://www.googleapis.com/auth/tasks"
          ],
          "description": "Updates the authenticated user's specified task list.",
          "httpMethod": "PUT",
          "response": {
            "$ref": "TaskList"
          },
          "id": "tasks.tasklists.update",
          "parameters": {
            "tasklist": {
              "type": "string",
              "location": "path",
              "description": "Task list identifier.",
              "required": true
            }
          },
          "parameterOrder": [
            "tasklist"
          ],
          "request": {
            "$ref": "TaskList"
          },
          "path": "tasks/v1/users/@me/lists/{tasklist}"
        },
        "insert": {
          "request": {
            "$ref": "TaskList"
          },
          "parameterOrder": [],
          "flatPath": "tasks/v1/users/@me/lists",
          "description": "Creates a new task list and adds it to the authenticated user's task lists.",
          "response": {
            "$ref": "TaskList"
          },
          "scopes": [
            "https://www.googleapis.com/auth/tasks"
          ],
          "httpMethod": "POST",
          "path": "tasks/v1/users/@me/lists",
          "parameters": {},
          "id": "tasks.tasklists.insert"
        },
        "list": {
          "flatPath": "tasks/v1/users/@me/lists",
          "response": {
            "$ref": "TaskLists"
          },
          "httpMethod": "GET",
          "parameterOrder": [],
          "scopes": [
            "https://www.googleapis.com/auth/tasks",
            "https://www.googleapis.com/auth/tasks.readonly"
          ],
          "path": "tasks/v1/users/@me/lists",
          "description": "Returns all the authenticated user's task lists.",
          "id": "tasks.tasklists.list",
          "parameters": {
            "pageToken": {
              "location": "query",
              "description": "Token specifying the result page to return. Optional.",
              "type": "string"
            },
            "maxResults": {
              "type": "integer",
              "description": "Maximum number of task lists returned on one page. Optional. The default is 20 (max allowed: 100).",
              "location": "query",
              "format": "int32"
            }
          }
        },
        "delete": {
          "path": "tasks/v1/users/@me/lists/{tasklist}",
          "id": "tasks.tasklists.delete",
          "parameters": {
            "tasklist": {
              "description": "Task list identifier.",
              "location": "path",
              "required": true,
              "type": "string"
            }
          },
          "flatPath": "tasks/v1/users/@me/lists/{tasklist}",
          "description": "Deletes the authenticated user's specified task list.",
          "httpMethod": "DELETE",
          "scopes": [
            "https://www.googleapis.com/auth/tasks"
          ],
          "parameterOrder": [
            "tasklist"
          ]
        },
        "get": {
          "parameterOrder": [
            "tasklist"
          ],
          "parameters": {
            "tasklist": {
              "required": true,
              "location": "path",
              "type": "string",
              "description": "Task list identifier."
            }
          },
          "id": "tasks.tasklists.get",
          "httpMethod": "GET",
          "scopes": [
            "https://www.googleapis.com/auth/tasks",
            "https://www.googleapis.com/auth/tasks.readonly"
          ],
          "flatPath": "tasks/v1/users/@me/lists/{tasklist}",
          "description": "Returns the authenticated user's specified task list.",
          "response": {
            "$ref": "TaskList"
          },
          "path": "tasks/v1/users/@me/lists/{tasklist}"
        }
      }
    }
  },
  "rootUrl": "https://tasks.googleapis.com/",
  "servicePath": "",
  "parameters": {
    "callback": {
      "type": "string",
      "description": "JSONP",
      "location": "query"
    },
    "$.xgafv": {
      "enum": [
        "1",
        "2"
      ],
      "type": "string",
      "location": "query",
      "enumDescriptions": [
        "v1 error format",
        "v2 error format"
      ],
      "description": "V1 error format."
    },
    "prettyPrint": {
      "default": "true",
      "location": "query",
      "description": "Returns response with indentations and line breaks.",
      "type": "boolean"
    },
    "access_token": {
      "location": "query",
      "description": "OAuth access token.",
      "type": "string"
    },
    "quotaUser": {
      "type": "string",
      "description": "Available to use for quota purposes for server-side applications. Can be any arbitrary string assigned to a user, but should not exceed 40 characters.",
      "location": "query"
    },
    "uploadType": {
      "location": "query",
      "description": "Legacy upload protocol for media (e.g. \"media\", \"multipart\").",
      "type": "string"
    },
    "upload_protocol": {
      "description": "Upload protocol for media (e.g. \"raw\", \"multipart\").",
      "location": "query",
      "type": "string"
    },
    "fields": {
      "location": "query",
      "description": "Selector specifying which fields to include in a partial response.",
      "type": "string"
    },
    "key": {
      "location": "query",
      "description": "API key. Your API key identifies your project and provides you with API access, quota, and reports. Required unless you provide an OAuth 2.0 token.",
      "type": "string"
    },
    "alt": {
      "enumDescriptions": [
        "Responses with Content-Type of application/json",
        "Media download with context-dependent Content-Type",
        "Responses with Content-Type of application/x-protobuf"
      ],
      "enum": [
        "json",
        "media",
        "proto"
      ],
      "location": "query",
      "type": "string",
      "description": "Data format for response.",
      "default": "json"
    },
    "oauth_token": {
      "description": "OAuth 2.0 token for the current user.",
      "type": "string",
      "location": "query"
    }
  },
  "fullyEncodeReservedExpansion": true,
  "icons": {
    "x32": "http://www.google.com/images/icons/product/search-32.gif",
    "x16": "http://www.google.com/images/icons/product/search-16.gif"
  },
  "mtlsRootUrl": "https://tasks.mtls.googleapis.com/",
  "name": "tasks",
  "description": "The Google Tasks API lets you manage your tasks and task lists.",
  "title": "Tasks API",
  "documentationLink": "https://developers.google.com/tasks/",
  "schemas": {
    "TaskLists": {
      "type": "object",
      "id": "TaskLists",
      "properties": {
        "kind": {
          "type": "string",
          "description": "Type of the resource. This is always \"tasks#taskLists\"."
        },
        "etag": {
          "type": "string",
          "description": "ETag of the resource."
        },
        "nextPageToken": {
          "description": "Token that can be used to request the next page of this result.",
          "type": "string"
        },
        "items": {
          "items": {
            "$ref": "TaskList"
          },
          "type": "array",
          "description": "Collection of task lists."
        }
      }
    },
    "TaskList": {
      "type": "object",
      "id": "TaskList",
      "properties": {
        "selfLink": {
          "type": "string",
          "description": "URL pointing to this task list. Used to retrieve, update, or delete this task list."
        },
        "kind": {
          "description": "Type of the resource. This is always \"tasks#taskList\".",
          "type": "string"
        },
        "etag": {
          "description": "ETag of the resource.",
          "type": "string"
        },
        "updated": {
          "type": "string",
          "description": "Last modification time of the task list (as a RFC 3339 timestamp)."
        },
        "title": {
          "description": "Title of the task list.",
          "type": "string"
        },
        "id": {
          "description": "Task list identifier.",
          "type": "string"
        }
      }
    },
    "Task": {
      "id": "Task",
      "type": "object",
      "properties": {
        "due": {
          "description": "Due date of the task (as a RFC 3339 timestamp). Optional. The due date only records date information; the time portion of the timestamp is discarded when setting the due date. It isn't possible to read or write the time that a task is due via the API.",
          "type": "string"
        },
        "hidden": {
          "type": "boolean",
          "description": "Flag indicating whether the task is hidden. This is the case if the task had been marked completed when the task list was last cleared. The default is False. This field is read-only."
        },
        "id": {
          "type": "string",
          "description": "Task identifier."
        },
        "kind": {
          "description": "Type of the resource. This is always \"tasks#task\".",
          "type": "string"
        },
        "status": {
          "type": "string",
          "description": "Status of the task. This is either \"needsAction\" or \"completed\"."
        },
        "parent": {
          "description": "Parent task identifier. This field is omitted if it is a top-level task. This field is read-only. Use the \"move\" method to move the task under a different parent or to the top level.",
          "type": "string"
        },
        "etag": {
          "description": "ETag of the resource.",
          "type": "string"
        },
        "title": {
          "description": "Title of the task.",
          "type": "string"
        },
        "selfLink": {
          "type": "string",
          "description": "URL pointing to this task. Used to retrieve, update, or delete this task."
        },
        "notes": {
          "description": "Notes describing the task. Optional.",
          "type": "string"
        },
        "completed": {
          "description": "Completion date of the task (as a RFC 3339 timestamp). This field is omitted if the task has not been completed.",
          "type": "string"
        },
        "deleted": {
          "description": "Flag indicating whether the task has been deleted. The default is False.",
          "type": "boolean"
        },
        "links": {
          "type": "array",
          "description": "Collection of links. This collection is read-only.",
          "items": {
            "properties": {
              "link": {
                "description": "The URL.",
                "type": "string"
              },
              "description": {
                "type": "string",
                "description": "The description. In HTML speak: Everything between \u003ca\u003e and \u003c/a\u003e."
              },
              "type": {
                "type": "string",
                "description": "Type of the link, e.g. \"email\"."
              }
            },
            "type": "object"
          }
        },
        "updated": {
          "type": "string",
          "description": "Last modification time of the task (as a RFC 3339 timestamp)."
        },
        "position": {
          "description": "String indicating the position of the task among its sibling tasks under the same parent task or at the top level. If this string is greater than another task's corresponding position string according to lexicographical ordering, the task is positioned after the other task under the same parent task (or at the top level). This field is read-only. Use the \"move\" method to move the task to another position.",
          "type": "string"
        }
      }
    },
    "Tasks": {
      "type": "object",
      "id": "Tasks",
      "properties": {
        "nextPageToken": {
          "type": "string",
          "description": "Token used to access the next page of this result."
        },
        "kind": {
          "type": "string",
          "description": "Type of the resource. This is always \"tasks#tasks\"."
        },
        "items": {
          "items": {
            "$ref": "Task"
          },
          "type": "array",
          "description": "Collection of tasks."
        },
        "etag": {
          "description": "ETag of the resource.",
          "type": "string"
        }
      }
    }
  }
}
